{"stat.walkOneCm":40157,"stat.leaveGame":9,"stat.mineBlock.minecraft.brown_mushroom":1,"stat.jump":113,"stat.swimOneCm":510,"stat.fallOneCm":1103,"stat.useItem.tombstone.gift":1,"stat.drop.minecraft.brown_mushroom":1,"stat.pickup.minecraft.dirt":8,"stat.sprintOneCm":19304,"stat.useItem.minecraft.stone_slab2":8,"stat.damageTaken":450,"stat.flyOneCm":24498,"stat.deaths":1,"stat.pickup.minecraft.brown_mushroom":2,"stat.drop":1,"stat.mineBlock.minecraft.leaves":1,"stat.playOneMinute":52014,"stat.entityKilledBy.Zombie":1,"stat.sneakTime":21,"stat.damageDealt":290,"stat.timeSinceDeath":36685,"stat.mineBlock.minecraft.dirt":8,"stat.mineBlock.minecraft.tallgrass":1,"stat.diveOneCm":117}