{"stat.walkOneCm":35750,"stat.leaveGame":9,"stat.mineBlock.minecraft.brown_mushroom":1,"stat.jump":102,"stat.swimOneCm":510,"stat.fallOneCm":1103,"stat.useItem.tombstone.gift":1,"stat.drop.minecraft.brown_mushroom":1,"stat.pickup.minecraft.dirt":8,"stat.sprintOneCm":19185,"stat.useItem.minecraft.stone_slab2":8,"stat.damageTaken":450,"stat.flyOneCm":18641,"stat.deaths":1,"stat.pickup.minecraft.brown_mushroom":2,"stat.drop":1,"stat.mineBlock.minecraft.leaves":1,"stat.playOneMinute":40314,"stat.entityKilledBy.Zombie":1,"stat.sneakTime":4,"stat.damageDealt":145,"stat.timeSinceDeath":24985,"stat.mineBlock.minecraft.dirt":8,"stat.mineBlock.minecraft.tallgrass":1,"stat.diveOneCm":117}