{"stat.walkOneCm":61131,"stat.pickup.minecraft.bone":1,"stat.leaveGame":9,"stat.pickup.minecraft.arrow":2,"stat.craftItem.minecraft.crafting_table":1,"stat.mineBlock.minecraft.brown_mushroom":1,"stat.pickup.minecraft.string":2,"stat.pickup.minecraft.log":6,"stat.useItem.minecraft.mutton":4,"stat.jump":236,"stat.swimOneCm":510,"stat.fallOneCm":2148,"stat.useItem.tombstone.gift":1,"stat.pickup.tombstone.crafting_ingredient":2,"stat.drop.minecraft.brown_mushroom":1,"stat.pickup.minecraft.sapling":6,"stat.pickup.minecraft.dirt":10,"stat.sprintOneCm":36814,"stat.useItem.minecraft.stone_slab2":10,"stat.killEntity.Skeleton":1,"stat.craftItem.minecraft.planks":24,"stat.damageTaken":450,"stat.killEntity.Spider":1,"stat.mobKills":4,"stat.mineBlock.minecraft.log":6,"stat.flyOneCm":52355,"stat.deaths":1,"tombstone:undead_killed":1,"stat.pickup.minecraft.brown_mushroom":2,"stat.drop":1,"stat.mineBlock.minecraft.leaves":3,"stat.playOneMinute":64614,"stat.entityKilledBy.Zombie":1,"stat.killEntity.Sheep":2,"stat.sneakTime":21,"stat.pickup.minecraft.wool":2,"stat.damageDealt":775,"stat.useItem.vampirism.pitchfork":3,"stat.timeSinceDeath":49285,"stat.mineBlock.minecraft.dirt":10,"stat.mineBlock.minecraft.tallgrass":3,"stat.diveOneCm":117,"stat.pickup.minecraft.mutton":4}