{"stat.walkOneCm":73625,"stat.pickup.minecraft.bone":1,"stat.leaveGame":9,"stat.pickup.minecraft.arrow":2,"stat.craftItem.minecraft.crafting_table":1,"stat.useItem.minecraft.cooked_porkchop":2,"stat.mineBlock.minecraft.double_plant":4,"stat.mineBlock.minecraft.brown_mushroom":1,"stat.pickup.minecraft.string":2,"stat.pickup.minecraft.log":6,"stat.useItem.minecraft.mutton":4,"stat.jump":335,"stat.swimOneCm":510,"stat.fallOneCm":4484,"stat.useItem.tombstone.gift":1,"stat.pickup.tombstone.crafting_ingredient":2,"stat.drop.minecraft.brown_mushroom":1,"stat.pickup.minecraft.sapling":7,"stat.pickup.minecraft.dirt":12,"stat.sprintOneCm":55324,"stat.useItem.minecraft.stone_slab2":13,"stat.killEntity.Skeleton":1,"stat.craftItem.minecraft.planks":24,"stat.damageTaken":450,"stat.killEntity.Spider":1,"stat.mobKills":5,"stat.mineBlock.minecraft.log":6,"stat.flyOneCm":66704,"stat.deaths":1,"tombstone:undead_killed":1,"stat.pickup.minecraft.brown_mushroom":2,"stat.drop":1,"stat.mineBlock.minecraft.leaves":14,"stat.playOneMinute":76314,"stat.entityKilledBy.Zombie":1,"stat.killEntity.Sheep":3,"stat.sneakTime":35,"stat.pickup.minecraft.wool":3,"stat.damageDealt":855,"stat.useItem.vampirism.pitchfork":3,"stat.timeSinceDeath":60985,"stat.mineBlock.minecraft.dirt":12,"stat.mineBlock.minecraft.tallgrass":8,"stat.diveOneCm":117,"stat.pickup.minecraft.mutton":5}