{"stat.walkOneCm":32565,"stat.leaveGame":7,"stat.damageTaken":450,"stat.mineBlock.minecraft.brown_mushroom":1,"stat.flyOneCm":12037,"stat.deaths":1,"stat.pickup.minecraft.brown_mushroom":2,"stat.drop":1,"stat.jump":88,"stat.swimOneCm":510,"stat.mineBlock.minecraft.leaves":1,"stat.playOneMinute":23992,"stat.fallOneCm":1103,"stat.entityKilledBy.Zombie":1,"stat.useItem.tombstone.gift":1,"stat.sneakTime":1,"stat.damageDealt":145,"stat.drop.minecraft.brown_mushroom":1,"stat.timeSinceDeath":8663,"stat.pickup.minecraft.dirt":8,"stat.sprintOneCm":14082,"stat.mineBlock.minecraft.dirt":8,"stat.useItem.minecraft.stone_slab2":8,"stat.mineBlock.minecraft.tallgrass":1,"stat.diveOneCm":117}