{"stat.chestOpened":3,"stat.pickup.minecraft.bone":1,"stat.leaveGame":20,"stat.pickup.minecraft.arrow":2,"stat.useItem.minecraft.glass_bottle":1,"stat.mineBlock.minecraft.brown_mushroom":1,"stat.useItem.minecraft.porkchop":1,"stat.useItem.minecraft.potion":1,"stat.useItem.minecraft.mutton":5,"stat.jump":965,"stat.swimOneCm":719,"stat.pickup.minecraft.iron_helmet":1,"stat.fallOneCm":21133,"stat.climbOneCm":225,"stat.pickup.minecraft.iron_ingot":24,"stat.crouchOneCm":251,"stat.drop.minecraft.brown_mushroom":1,"stat.pickup.vampirism.blood_bottle":5,"stat.pickup.minecraft.dirt":15,"stat.craftItem.minecraft.iron_helmet":1,"stat.useItem.minecraft.stone_slab2":16,"stat.pickup.vampirism.vampire_fang":1,"stat.craftingTableInteraction":3,"stat.pickup.minecraft.rotten_flesh":2,"stat.craftItem.minecraft.iron_boots":1,"stat.damageTaken":1864,"stat.pickup.minecraft.leather":1,"stat.flyOneCm":193222,"stat.pickup.minecraft.glass_bottle":1,"tombstone:undead_killed":2,"stat.pickup.minecraft.brown_mushroom":2,"stat.entityKilledBy.Zombie":2,"stat.craftItem.minecraft.iron_leggings":1,"stat.damageDealt":1275,"stat.useItem.vampirism.pitchfork":3,"stat.timeSinceDeath":7477,"stat.mineBlock.minecraft.dirt":15,"stat.pickup.minecraft.mutton":6,"stat.pickup.minecraft.poisonous_potato":2,"stat.walkOneCm":204895,"stat.craftItem.minecraft.crafting_table":1,"stat.useItem.minecraft.cooked_porkchop":7,"stat.mineBlock.minecraft.double_plant":4,"stat.talkedToVillager":5,"stat.pickup.minecraft.string":4,"stat.pickup.minecraft.log":6,"stat.pickup.minecraft.beef":4,"stat.useItem.tombstone.gift":1,"stat.pickup.tombstone.crafting_ingredient":2,"stat.craftItem.minecraft.iron_chestplate":1,"stat.pickup.minecraft.sapling":7,"stat.sprintOneCm":169327,"stat.killEntity.Skeleton":1,"stat.craftItem.minecraft.planks":24,"stat.killEntity.Spider":2,"stat.waystones:waystonesActivated":1,"stat.mobKills":7,"stat.mineBlock.minecraft.log":6,"stat.deaths":3,"stat.drop":3,"stat.mineBlock.minecraft.leaves":14,"stat.playOneMinute":140025,"stat.killEntity.Sheep":4,"stat.sneakTime":216,"stat.pickup.minecraft.wool":4,"stat.killEntity.Zombie":1,"stat.drop.minecraft.glass_bottle":2,"stat.mineBlock.minecraft.tallgrass":10,"stat.diveOneCm":117}