{"stat.drop.minecraft.stone_pickaxe":2,"stat.drop.minecraft.mutton":1,"stat.drop.astralsorcery.blockmarble":3,"stat.pickup.minecraft.bone":6,"stat.useItem.minecraft.iron_axe":90,"stat.leaveGame":8,"stat.mineBlock.ebwizardry.crystal_flower":1,"stat.mineBlock.minecraft.cobblestone":13,"stat.pickup.minecraft.stone_pickaxe":2,"stat.entityKilledBy.Witch":1,"stat.craftItem.minecraft.iron_axe":1,"stat.killEntity.vampirism.vampire":1,"stat.pickup.ebwizardry.spell_book":1,"stat.craftItem.minecraft.wool":2,"stat.mineBlock.vampirism.altar_inspiration":4,"stat.useItem.minecraft.mutton":2,"stat.swimOneCm":8063,"stat.climbOneCm":597,"stat.drop.minecraft.feather":1,"stat.pickup.minecraft.porkchop":19,"stat.useItem.minecraft.dirt":1,"stat.useItem.minecraft.stone_slab2":25,"stat.pickup.minecraft.rotten_flesh":12,"stat.pickup.minecraft.sand":42,"stat.craftItem.minecraft.furnace":2,"stat.entityKilledBy.Spider":1,"stat.drop.ebwizardry.identification_scroll":1,"stat.entityKilledBy.vampirism.vampire_hunter":1,"stat.craftItem.minecraft.stone_axe":1,"stat.craftItem.minecraft.iron_boots":1,"stat.craftItem.minecraft.stone_pickaxe":1,"stat.killEntity.Mimic":3,"stat.pickup.minecraft.cobblestone":151,"stat.mineBlock.chisel.limestone2":3,"stat.flyOneCm":1554862,"stat.craftItem.minecraft.iron_shovel":1,"stat.pickup.minecraft.glass_bottle":2,"stat.mineBlock.minecraft.sand":42,"stat.pickup.minecraft.fish":3,"stat.drop.minecraft.wheat_seeds":6,"stat.drop.minecraft.sand":1,"stat.useItem.vampirism.heart_striker":11,"stat.mineBlock.minecraft.iron_ore":44,"stat.timeSinceDeath":71031,"stat.useItem.minecraft.iron_pickaxe":176,"stat.craftItem.minecraft.wooden_pickaxe":1,"stat.drop.minecraft.spider_eye":1,"stat.pickup.minecraft.mutton":10,"stat.useItem.minecraft.iron_shovel":43,"stat.mineBlock.ebwizardry.arcane_workbench":1,"stat.pickup.ebwizardry.arcane_workbench":1,"stat.craftItem.ebwizardry.magic_crystal":2,"stat.mineBlock.chisel.marble2":16,"stat.furnaceInteraction":49,"stat.drop.minecraft.dirt":2,"stat.pickup.ebwizardry.magic_crystal":14,"stat.useItem.minecraft.cooked_porkchop":4,"stat.mineBlock.botania.flower":1,"stat.killEntity.vampirism.vampire_hunter":12,"stat.killEntity.ZombieVillager":1,"stat.mineBlock.minecraft.coal_ore":27,"stat.drop.minecraft.wool":3,"stat.drop.vampirism.blood_bottle":5,"stat.talkedToVillager":5,"stat.killEntity.CultistPortalLesser":1,"stat.pickup.minecraft.string":11,"stat.useItem.astralsorcery.blockmarble":9,"stat.pickup.minecraft.beef":18,"stat.pickup.minecraft.furnace":12,"stat.pickup.tombstone.crafting_ingredient":2,"stat.entityKilledBy.Skeleton":1,"stat.craftItem.minecraft.stone_slab2":0,"stat.useItem.vampirism.vampire_book":4,"stat.craftItem.travelersbackpack.travelers_backpack":1,"stat.killEntity.Squid":1,"stat.craftItem.tconstruct.tooltables":1,"stat.sprintOneCm":511391,"stat.pickup.minecraft.iron_chestplate":1,"stat.craftItem.minecraft.stick":12,"stat.mineBlock.mekanism.oreblock":2,"stat.killEntity.ebwizardry:evil_wizard":4,"stat.craftItem.minecraft.gold_nugget":18,"stat.craftItem.ebwizardry.magic_wand":2,"stat.mineBlock.minecraft.crafting_table":8,"stat.mineBlock.astralsorcery.blockmarble":24,"stat.useItem.minecraft.diamond_pickaxe":54,"stat.useItem.minecraft.carrot":14,"stat.killEntity.CultistKnight":2,"stat.entityKilledBy.Creeper":1,"stat.pickup.botania.flower":1,"stat.killEntity.ebwizardry:wizard":1,"stat.deaths":5,"stat.mineBlock.minecraft.planks":5,"stat.drop":67,"stat.playOneMinute":149840,"stat.drop.minecraft.string":6,"stat.killEntity.Sheep":4,"stat.craftItem.minecraft.iron_pickaxe":1,"stat.craftItem.minecraft.diamond_pickaxe":1,"stat.killEntity.Zombie":4,"stat.craftItem.minecraft.dye":3,"stat.drop.minecraft.glass_bottle":1,"stat.pickup.chisel.marble2":25,"stat.mineBlock.minecraft.gold_ore":6,"stat.mineBlock.minecraft.tallgrass":20,"stat.diveOneCm":278481,"stat.chestOpened":53,"stat.useItem.minecraft.fish":1,"stat.useItem.minecraft.stone":1,"stat.pickup.vampirism.altar_inspiration":4,"stat.pickup.minecraft.arrow":15,"stat.craftItem.minecraft.cooked_porkchop":17,"stat.drop.vampirism.altar_inspiration":1,"stat.pickup.minecraft.gold_nugget":2,"stat.drop.minecraft.iron_pickaxe":1,"stat.pickup.thaumcraft.crimson_plate_helm":1,"stat.craftItem.travelersbackpack.backpack_tank":2,"stat.jump":2140,"stat.useItem.minecraft.sand":1,"stat.pickup.minecraft.coal":107,"stat.fallOneCm":96253,"stat.pickup.minecraft.iron_ingot":2,"stat.pickup.minecraft.carrot":15,"stat.useItem.minecraft.stone_axe":8,"stat.pickup.ebwizardry.poison_bomb":1,"stat.crouchOneCm":5273,"stat.pickup.minecraft.spider_eye":3,"stat.craftItem.minecraft.iron_ingot":37,"stat.craftItem.minecraft.chest":1,"stat.pickup.minecraft.dirt":34,"stat.pickup.vampirism.vampire_fang":2,"stat.useItem.mekanism.oreblock":1,"stat.pickup.minecraft.iron_ore":47,"stat.craftingTableInteraction":23,"stat.pickup.minecraft.gold_ore":6,"stat.drop.vampirism.holy_salt":3,"stat.damageTaken":3003,"stat.pickup.minecraft.feather":2,"stat.pickup.minecraft.leather":22,"stat.drop.minecraft.bone":2,"stat.mineBlock.minecraft.furnace":12,"stat.mineBlock.minecraft.red_flower":4,"stat.useItem.minecraft.wooden_pickaxe":12,"stat.useItem.minecraft.furnace":4,"stat.pickup.ebwizardry.identification_scroll":2,"stat.pickup.ebwizardry.crystal_flower":1,"stat.pickup.minecraft.planks":5,"stat.pickup.chisel.limestone2":3,"tombstone:undead_killed":16,"stat.pickup.minecraft.wheat_seeds":7,"stat.useItem.minecraft.stone_pickaxe":103,"stat.craftItem.minecraft.iron_leggings":1,"stat.damageDealt":12987,"stat.mineBlock.vampirism.castle_block":1,"stat.craftItem.minecraft.glass":40,"stat.killEntity.Cow":8,"stat.mineBlock.minecraft.dirt":21,"stat.killEntity.Pig":7,"stat.walkOneCm":187000,"stat.useItem.minecraft.bread":1,"stat.playerKills":1,"stat.pickup.minecraft.stick":7,"stat.drop.tombstone.crafting_ingredient":2,"stat.drop.minecraft.rotten_flesh":8,"stat.drop.minecraft.porkchop":2,"stat.pickup.minecraft.crafting_table":8,"stat.pickup.mekanism.oreblock":2,"stat.useItem.minecraft.cobblestone":18,"stat.craftItem.minecraft.crafting_table":1,"stat.mineBlock.minecraft.double_plant":1,"stat.pickup.minecraft.log":8,"stat.drop.minecraft.chicken":1,"stat.useItem.tombstone.gift":1,"stat.craftItem.minecraft.gold_ingot":1,"stat.pickup.minecraft.stone":54,"stat.drop.minecraft.planks":2,"stat.drop.minecraft.sapling":1,"stat.pickup.minecraft.chicken":2,"stat.pickup.minecraft.sapling":3,"stat.pickup.minecraft.gold_ingot":5,"stat.killEntity.Skeleton":9,"stat.pickup.vampirism.castle_block":1,"stat.pickup.vampirism.holy_salt":3,"stat.craftItem.travelersbackpack.sleeping_bag_bottom":1,"stat.craftItem.minecraft.planks":32,"stat.useItem.minecraft.iron_sword":70,"stat.killEntity.Chicken":1,"stat.killEntity.Spider":7,"stat.mobKills":78,"stat.mineBlock.minecraft.log":8,"stat.useItem.minecraft.golden_apple":1,"stat.mineBlock.minecraft.leaves":14,"stat.pickup.vampirism.human_heart":2,"stat.killEntity.BabySkeleton":2,"stat.pickup.minecraft.red_flower":7,"stat.sneakTime":2501,"stat.pickup.minecraft.wool":10,"stat.pickup.astralsorcery.blockmarble":19,"stat.drop.minecraft.stone_axe":1,"stat.drop.minecraft.beef":3,"stat.drop.minecraft.arrow":7,"stat.mineBlock.minecraft.stone":185}